id,父级功能,功能名称,功能说明与用户视角,hierarchy_level
D1,,动力,"包含硬件和控制系统，包含有关车辆动力总成功能或表现的相关描述，包含传统动力、电动、插混、增程等动力总成控制、动力总成附件的控制；传动系统的控制，例如变速箱、电驱动轴、轮边电机、电池能量管理等等
用户评论：动力好坏、能耗高低、换挡平顺、是否有发动机、变速箱、电机等异响",1
D2,,底盘,包含制动系统、转向系统、悬架、悬置、轮胎、传统车混动车的燃油系统等硬件及相关的控制系统功能,1
D3,,车身电子,包含安装在车身上的外功能件，外部有车门、车各类灯、车窗、前后盖、雨刮、洗涤功能、后视镜，加油口、充电口，内部有方向盘、座椅、天窗等,1
D4,,智能座舱,包含用户在驾驶舱内看到的、用到的、听到的、闻到的电子功能，例如有：仪表、hud、语音功能、音响功能，车内摄像头功能（人脸识别）除照明外的其他灯光功能（氛围灯、星光顶、迎宾灯等）、记忆系统（车机摄像头记忆、座椅记忆等），车机系统包含的所有功能（此处不同车型的差异性较大）,1
D5,,智能驾驶,所有有关的智能驾驶功能：低速智能驾驶（自动或辅助泊车、360、交通拥堵辅助等），高速驾驶辅助（自适应巡航、车道保持、车道偏离预警、紧急制动、前碰预警、巡航等）,1
D6,,智能网联,包含用V2X的所有功能，例如利用app对车辆进行的进入、锁车、控制车辆等功能），车辆信息联网的相关功能：ota，紧急呼叫、etc、车辆信息上传、车辆信息监控等,1
D7,,空调及热管理,空调相关的功能；车辆热管理相关的功能：发动机热管理、电池热管理、驾驶舱热管理、需要冷却的部件的热管理,1
D8,,车辆安全,包含车辆和安全相关的功能，一般有碰撞的被动安全，主动安全、气囊，行人保护，车辆防盗和出入安全的功能,1
D9,,架构基础,车辆基础电器架构的相关功能及设计，用户可感知到的较为重要的ota功能在此范畴,1
D10,,车辆附件,主要包含用户可自主加装的，可拆卸的、车辆附赠的，可以同车进行功能联动的硬件或功能：车载冰箱、车内扩展坞（自定义外设连接、隔物板）、车外连接功能（外接放电），备胎、灭火器、千斤顶、雨伞等等,1
D1-F1,D1,驱动电机控制,控制驱动电机的转速和扭矩输出；用户常评价其加速是否平顺、动力响应是否及时。功能作用：调节驱动电机控制输出，保障动力与效率；工作场景：爬坡、高速超车、起步加速；常见故障表现：加速迟滞、扭矩突增、警告灯点亮；用户抱怨：“踩电门没反应”,2
D1-F2,D1,发动机控制,含混动车发动机控制；管理发动机启停与输出；用户关注油耗表现与发动机噪音。功能作用：调节发动机控制输出，保障动力与效率；工作场景：拥堵蠕行、爬坡、动能回收；常见故障表现：警告灯点亮、无法启动车辆、加速迟滞；用户抱怨：“加速像船”,2
D1-F3,D1,发电机控制,控制电能回收及能量转换效率；用户可能评价混动车能量切换是否流畅。功能作用：协调发电机控制与传动系统，提供即时驱动；工作场景：起步加速、动能回收、爬坡；常见故障表现：警告灯点亮、扭矩突增、无法启动车辆；用户抱怨：“动力忽快忽慢”,2
D1-F4,D1,电动驱动控制,总控电驱系统工作模式；用户评价整车驾驶体验与加速性能。功能作用：协调电动驱动控制与传动系统，提供即时驱动；工作场景：拥堵蠕行、动能回收、爬坡；常见故障表现：警告灯点亮、无法启动车辆、扭矩突增；用户抱怨：“动力忽快忽慢”,2
D1-F5,D1,电驱油泵控制,提供液压系统润滑冷却；用户较少直接感知，间接体现在可靠性上。功能作用：负责电驱油泵控制正常工作与用户体验；工作场景：城市通勤、日常驾驶、极端天气；常见故障表现：响应延迟、功能失效、误报警；用户抱怨：“反应太慢”,2
D1-F6,D1,电驱辅助驻车,提供电子驻车功能；用户会评价驻车是否平稳、安全性是否可靠。功能作用：协调电驱辅助驻车与能量回收，带来平顺刹车体验；工作场景：湿滑路面、驻车、紧急制动；常见故障表现：制动距离延长、制动灯常亮、制动力不足；用户抱怨：“制动力忽强忽弱”,2
D1-F7,D1,起动机控制,控制发动机点火启动过程；用户关注启动是否迅速平稳。功能作用：协调起动机控制与传动系统，提供即时驱动；工作场景：高速超车、拥堵蠕行、爬坡；常见故障表现：加速迟滞、无法启动车辆、扭矩突增；用户抱怨：“起步肉”,2
D1-F8,D1,电动车辆启动,实现整车系统启动流程；用户评价是否一键启动、反应迅速。功能作用：负责电动车辆启动正常工作与用户体验；工作场景：城市通勤、极端天气、长途出行；常见故障表现：功能失效、指示灯点亮、响应延迟；用户抱怨：“总是不好用”,2
D1-F9,D1,混动整车控制,HCU；管理混动车EV与HEV切换；用户评价动力切换是否平顺、是否省油。功能作用：负责混动整车控制正常工作与用户体验；工作场景：极端天气、城市通勤、长途出行；常见故障表现：响应延迟、功能失效、指示灯点亮；用户抱怨：“总是不好用”,2
D1-F10,D1,纯电整车控制,VCU；统一调度电控系统；用户关注续航真实性和车辆是否“聪明”。功能作用：负责纯电整车控制正常工作与用户体验；工作场景：日常驾驶、长途出行、城市通勤；常见故障表现：指示灯点亮、响应延迟、功能失效；用户抱怨：“老是报警”,2
D1-F11,D1,动力电池管理,监控电池电压、温度和健康状态；用户关心续航、充电速度与安全性。功能作用：平衡动力电池管理温度与寿命，提高续航；工作场景：严寒启动、高温停车、急加速放电；常见故障表现：SOC异常、充电缓慢、无法充电；用户抱怨：“续航掉得快”,2
D1-F12,D1,充电管理,管理车载充电状态与策略；用户评价充电速度与便利性。功能作用：监控充电管理状态并管理充放电安全；工作场景：家用慢充、高温停车、严寒启动；常见故障表现：高压故障、热失控警告、无法充电；用户抱怨：“续航掉得快”,2
D1-F13,D1,辅助供电,为车载电气系统供电；用户不易察觉，影响整体稳定性。功能作用：监控辅助供电状态并管理充放电安全；工作场景：快速充电、急加速放电、高温停车；常见故障表现：高压故障、充电缓慢、SOC异常；用户抱怨：“充电太慢”,2
D1-F14,D1,外接充放电管理,实现对外供电或接收外部电能；用户关注能否方便接驳家电/充电桩。功能作用：协调外接充电与车辆用电，保障外接充放电管理安全；工作场景：家用慢充、严寒启动、高温停车；常见故障表现：热失控警告、高压故障、无法充电；用户抱怨：“续航掉得快”,2
D1-F15,D1,高压附件电能管理,管理高压附件如空调压缩机；用户关注空调强度和耗电表现。功能作用：协调外接充电与车辆用电，保障高压附件电能管理安全；工作场景：家用慢充、严寒启动、高温停车；常见故障表现：热失控警告、高压故障、SOC异常；用户抱怨：“续航掉得快”,2
D1-F16,D1,电动车辆再生制动控制,在制动时回收能量；用户评价刹车脚感是否自然。功能作用：协调电动车辆再生制动控制与能量回收，带来平顺刹车体验；工作场景：下长坡、湿滑路面、城市跟车；常见故障表现：制动灯常亮、踏板变软、制动异响；用户抱怨：“制动力忽强忽弱”,2
D1-F17,D1,智能能量管理,协调整车能耗策略；用户关注续航、油耗是否合理。功能作用：按需供电减少浪费（智能能量管理）；工作场景：拥堵市区、长途自驾、极端温度；常见故障表现：续航估算不准、系统报错、能量分配异常；用户抱怨：“里程不准”,2
D1-F18,D1,用户设置预测续航里程,根据驾驶习惯预估里程；用户评价预估是否准确。功能作用：负责用户设置预测续航里程正常工作与用户体验；工作场景：日常驾驶、长途出行、极端天气；常见故障表现：误报警、指示灯点亮、响应延迟；用户抱怨：“体验很差”,2
D1-F19,D1,按需供给油泵控制,提供高效润滑以降低能耗；用户通常不直接感知，但可提升节能性。功能作用：负责按需供给油泵控制正常工作与用户体验；工作场景：城市通勤、极端天气、长途出行；常见故障表现：误报警、响应延迟、指示灯点亮；用户抱怨：“老是报警”,2
D1-F20,D1,高压上下电管理,含上下电控制；控制高压系统上电/下电流程；用户评价启动是否平顺、安全是否有保障。功能作用：平衡高压上下电管理温度与寿命，提高续航；工作场景：高温停车、严寒启动、急加速放电；常见故障表现：充电缓慢、SOC异常、无法充电；用户抱怨：“里程乱跳”,2
D1-F21,D1,高压安全监控,实时监测高压状态避免事故；用户关心安全性，通常看不到该功能但很关键。功能作用：监控高压安全监控状态并管理充放电安全；工作场景：家用慢充、高温停车、快速充电；常见故障表现：充电缓慢、热失控警告、高压故障；用户抱怨：“充电太慢”,2
D1-F22,D1,动力域人机交互,提供仪表能量显示/驾驶模式切换；用户评价界面是否直观、操作是否方便。功能作用：支持语音触控提升安全（动力域人机交互）；工作场景：行车查看仪表、播放音乐、设置导航；常见故障表现：语音识别失败、触控无响应、信息错误；用户抱怨：“屏幕又死机”,2
D1-F23,D1,故障管理,故障检测与报警机制；用户关注报警是否及时且准确。功能作用：负责故障管理正常工作与用户体验；工作场景：极端天气、长途出行、日常驾驶；常见故障表现：误报警、指示灯点亮、响应延迟；用户抱怨：“总是不好用”,2
D1-F24,D1,增程管理,控制增程器启停；用户关注噪音控制、增程平顺性。功能作用：协调增程管理与传动系统，提供即时驱动；工作场景：拥堵蠕行、动能回收、高速超车；常见故障表现：无法启动车辆、动力间歇、警告灯点亮；用户抱怨：“起步肉”,2
D1-F25,D1,四轮驱动系统,协调四轮扭矩输出；用户评价抓地性能、越野能力。功能作用：协调四轮驱动系统与传动系统，提供即时驱动；工作场景：爬坡、动能回收、高速超车；常见故障表现：加速迟滞、动力间歇、无法启动车辆；用户抱怨：“加速像船”,2
D1-F26,D1,动力总成集成系统,融合电机、发动机、变速器等部件；用户关心整体驾驶体验和油耗。功能作用：负责动力总成集成系统正常工作与用户体验；工作场景：日常驾驶、长途出行、城市通勤；常见故障表现：误报警、响应延迟、功能失效；用户抱怨：“反应太慢”,2
D1-F27,D1,动力套件,涵盖动力总成子系统总成；用户评价动力响应和维修成本。功能作用：负责动力套件正常工作与用户体验；工作场景：日常驾驶、城市通勤、长途出行；常见故障表现：误报警、功能失效、指示灯点亮；用户抱怨：“总是不好用”,2
D1-F28,D1,变速箱电子泵控制,提供变速箱冷却润滑；用户较难察觉但关乎可靠性。功能作用：管理变速箱电子泵控制逻辑优化油耗；工作场景：高速换挡、山路低速、起步；常见故障表现：换挡冲击、无法入档、打滑；用户抱怨：“换挡顿挫”,2
D1-F29,D1,换挡控制,实现平顺的换挡体验；用户评价是否顿挫、响应是否及时。功能作用：换挡控制电子泵提供液压保障；工作场景：倒车、高速换挡、起步；常见故障表现：打滑、无法入档、换挡冲击；用户抱怨：“变速箱异响”,2
D1-F30,D1,挡位管理,管理档位选择逻辑；用户关注换挡体验与操控一致性。功能作用：控制挡位管理换挡执行机构，确保平顺；工作场景：起步、高速换挡、倒车；常见故障表现：换挡冲击、无法入档、打滑；用户抱怨：“进不了档”,2
D1-F31,D1,车速辅助控制系统,支持坡道起步、限速等；用户关注是否智能与实用性。功能作用：负责车速辅助控制系统正常工作与用户体验；工作场景：日常驾驶、城市通勤、长途出行；常见故障表现：功能失效、指示灯点亮、误报警；用户抱怨：“老是报警”,2
D1-F32,D1,电源管理模块（PDU）,控制高压电的分配与保护；分配与控制高压电；用户无法直接感知，但对安全性非常关键。功能作用：平衡电源管理模块（PDU）温度与寿命，提高续航；工作场景：快速充电、急加速放电、严寒启动；常见故障表现：无法充电、SOC异常、充电缓慢；用户抱怨：“里程乱跳”,2
D1-F33,D1,电机状态监测与故障诊断,增强健康管理；识别电机健康状态与异常；用户关注系统是否“能提前预警”。功能作用：精准控制电机状态监测与故障诊断扭矩与转速，实现平顺动力；工作场景：高速超车、爬坡、起步加速；常见故障表现：警告灯点亮、扭矩突增、无法启动车辆；用户抱怨：“踩电门没反应”,2
D1-F34,D1,制动能量回收管理（高级）,与协调制动配合；与主制动系统协调优化能量回收；用户评价刹车是否线性、回馈是否自然。功能作用：提供制动能量回收管理（高级）减速保持，确保行车安全；工作场景：城市跟车、驻车、湿滑路面；常见故障表现：制动异响、制动距离延长、制动力不足；用户抱怨：“刹车吱吱响”,2
D1-F35,D1,车辆模式切换控制,EV/HEV/SPORT等；提供驾驶模式如EV/HEV/Sport；用户评价是否有驾驶乐趣、是否节能。功能作用：根据车辆模式切换控制切换动力与底盘；工作场景：高速通勤、雪地低附着、山路运动；常见故障表现：无法切换、动力响应不符、模式灯异常；用户抱怨：“运动模式进不去”,2
D1-F36,D1,冷却系统控制,电池/电机/IGBT散热；管理电机、IGBT、电池热量；用户关心是否过热与空调性能。功能作用：控制冷却系统控制温度湿度，保障舒适与除雾；工作场景：长途高负荷、夏季制冷、电池快充温控；常见故障表现：水温警告、异味、风量忽变；用户抱怨：“车里有味”,2
D2-F1,D2,制动踏板位置监测,实时监测驾驶员踩踏制动踏板的深度；用户评价响应是否灵敏、是否线性。功能作用：控制制动踏板位置监测液压与踏板感，提升制动效率；工作场景：下长坡、驻车、城市跟车；常见故障表现：制动异响、制动距离延长、制动力不足；用户抱怨：“刹不住”,2
D2-F2,D2,制动控制,控制整车制动系统的执行与协调；用户关注刹车距离、脚感和制动平顺性。功能作用：协调制动控制与能量回收，带来平顺刹车体验；工作场景：下长坡、城市跟车、紧急制动；常见故障表现：制动异响、制动距离延长、制动灯常亮；用户抱怨：“刹不住”,2
D2-F3,D2,电动助力转向,通过电机提供转向助力；用户评价方向盘是否轻盈、回正是否自然。功能作用：实现电动助力转向控制，提高低速灵活与高速稳定；工作场景：弯道行驶、并线超车、高速巡航；常见故障表现：助力失效、异响、方向盘抖动；用户抱怨：“打方向嘎嘎响”,2
D2-F4,D2,电子驻车制动,通过按钮或自动方式控制驻车刹车；用户关注驻车是否方便、是否可靠。功能作用：协调电子驻车制动与能量回收，带来平顺刹车体验；工作场景：下长坡、紧急制动、湿滑路面；常见故障表现：制动异响、制动灯常亮、制动力不足；用户抱怨：“刹车吱吱响”,2
D2-F5,D2,主动悬架控制系统,根据路况调节悬架软硬；用户关注舒适性与操控稳定性。功能作用：调节主动悬架控制系统阻尼与高度，兼顾舒适操控；工作场景：坑洼路面、紧急制动、山路弯道；常见故障表现：异响、颠簸感强、侧倾大；用户抱怨：“太颠了”,2
D2-F6,D2,加油管理系统,辅助识别油量状态和加油行为；用户关注油量提示是否准确。功能作用：负责加油管理系统正常工作与用户体验；工作场景：城市通勤、日常驾驶、极端天气；常见故障表现：功能失效、误报警、指示灯点亮；用户抱怨：“反应太慢”,2
D2-F7,D2,轮胎压力监测,实时监测轮胎胎压状态；用户关注是否及时报警、是否准确。功能作用：轮胎压力监测实时监测胎压与温度；工作场景：长途旅行、冬季低温、恶劣道路；常见故障表现：误报警、警告灯常亮、传感器失效；用户抱怨：“一直提示补气”,2
D2-F8,D2,驾驶模式控制,切换经济/运动/舒适等驾驶模式；用户评价模式是否实用、是否有明显差异。功能作用：预设多种驾驶模式控制策略适应场景；工作场景：城市拥堵、山路运动、高速通勤；常见故障表现：模式灯异常、动力响应不符、无法切换；用户抱怨：“经济模式太拖”,2
D2-F9,D2,电子液压制动助力系统,电子控制替代传统真空助力；用户关注刹车是否省力、稳定性如何。功能作用：提供电子液压制动助力系统减速保持，确保行车安全；工作场景：紧急制动、城市跟车、湿滑路面；常见故障表现：制动异响、制动力不足、制动灯常亮；用户抱怨：“刹车吱吱响”,2
D2-F10,D2,自适应悬架,根据车辆状态自动调整悬架高度和刚度；用户评价舒适性和操控性。功能作用：主动抑制车身俯仰，通过自适应悬架提升平稳性；工作场景：高速并线、山路弯道、坑洼路面；常见故障表现：颠簸感强、侧倾大、异响；用户抱怨：“太颠了”,2
D2-F11,D2,后轮转向,在低速或高速下调整后轮转角；用户评价转弯半径是否变小、操控是否灵活。功能作用：实现后轮转向控制，提高低速灵活与高速稳定；工作场景：低速停车、弯道行驶、并线超车；常见故障表现：方向盘抖动、异响、方向偏移；用户抱怨：“打方向嘎嘎响”,2
D2-F12,D2,行车制动控制,车辆在行驶状态下的主制动系统控制；用户关注刹车是否线性、是否可靠。功能作用：提供行车制动控制减速保持，确保行车安全；工作场景：下长坡、湿滑路面、城市跟车；常见故障表现：制动异响、制动力不足、制动距离延长；用户抱怨：“刹车吱吱响”,2
D2-F13,D2,驻车制动控制,驻车状态下提供车辆静止保持力；用户评价坡道停车是否安全。功能作用：控制驻车制动控制液压与踏板感，提升制动效率；工作场景：紧急制动、湿滑路面、城市跟车；常见故障表现：制动力不足、踏板变软、制动灯常亮；用户抱怨：“制动力忽强忽弱”,2
D2-F14,D2,转向控制,整车的转向系统管理与执行；用户关注操控精准度与反馈感。功能作用：调节转向控制力矩，提升操控与舒适；工作场景：弯道行驶、高速巡航、低速停车；常见故障表现：异响、方向盘抖动、助力失效；用户抱怨：“方向盘很沉”,2
D3-F1,D3,外灯控制,控制车辆前后外部照明设备；用户评价照明亮度、自动化水平与迎宾效果。功能作用：保证外灯控制安全可靠运行；工作场景：低速拥堵、上车/下车、夜间使用；常见故障表现：无法启闭、异响、运行卡滞；用户抱怨：“老是异响”,2
D3-F2,D3,内灯控制,管理车内照明设备开关与亮度；用户关注照明氛围与操作便捷性。功能作用：控制内灯控制启闭与保护；工作场景：恶劣天气、夜间使用、低速拥堵；常见故障表现：运行卡滞、异响、无法启闭；用户抱怨：“卡住打不开”,2
D3-F3,D3,雨刮洗涤控制,控制雨刮器速度及清洗液喷洒；用户评价雨天视野清晰度与雨刮静音性。功能作用：控制雨刮洗涤控制启闭与保护；工作场景：上车/下车、恶劣天气、夜间使用；常见故障表现：异响、故障灯亮、运行卡滞；用户抱怨：“卡住打不开”,2
D3-F4,D3,天窗控制,控制天窗开启、关闭与通风功能；用户关注开启是否平稳、是否漏水。功能作用：控制天窗控制启闭与保护；工作场景：恶劣天气、夜间使用、上车/下车；常见故障表现：故障灯亮、无法启闭、运行卡滞；用户抱怨：“老是异响”,2
D3-F5,D3,电动窗控制,控制车窗升降功能；用户关注升降速度、是否有防夹功能。功能作用：负责电动窗控制正常工作与用户体验；工作场景：极端天气、日常驾驶、长途出行；常见故障表现：响应延迟、误报警、功能失效；用户抱怨：“总是不好用”,2
D3-F6,D3,后视镜控制,控制外后视镜调节、折叠与加热功能；用户评价视野调整是否便捷。功能作用：提供后视镜控制人性化体验；工作场景：上车/下车、低速拥堵、恶劣天气；常见故障表现：运行卡滞、异响、无法启闭；用户抱怨：“用起来太慢”,2
D3-F7,D3,电动座椅控制,座椅电动调节、记忆与通风/加热控制；用户关注舒适性与便利性。功能作用：控制电动座椅控制启闭与保护；工作场景：低速拥堵、上车/下车、恶劣天气；常见故障表现：运行卡滞、故障灯亮、无法启闭；用户抱怨：“卡住打不开”,2
D3-F8,D3,电动尾门控制,控制尾门自动开关；用户关注开关顺畅性和感应准确度。功能作用：控制电动尾门控制启闭与保护；工作场景：恶劣天气、上车/下车、低速拥堵；常见故障表现：异响、运行卡滞、无法启闭；用户抱怨：“卡住打不开”,2
D3-F9,D3,电动侧门控制,侧滑门/对开门的自动开关控制；用户关注儿童上下车是否方便。功能作用：提供电动侧门控制人性化体验；工作场景：上车/下车、低速拥堵、恶劣天气；常见故障表现：异响、无法启闭、运行卡滞；用户抱怨：“卡住打不开”,2
D3-F10,D3,电动迎宾踏板控制,在上下车时自动伸缩迎宾踏板；用户关注是否高级、是否稳定。功能作用：提供电动迎宾踏板控制减速保持，确保行车安全；工作场景：城市跟车、紧急制动、下长坡；常见故障表现：制动距离延长、制动灯常亮、制动异响；用户抱怨：“制动力忽强忽弱”,2
D3-F11,D3,方向盘控制,包括电动调节、加热功能；用户关注方向盘舒适度与调节便利性。功能作用：负责方向盘控制正常工作与用户体验；工作场景：长途出行、日常驾驶、城市通勤；常见故障表现：响应延迟、功能失效、误报警；用户抱怨：“反应太慢”,2
D3-F12,D3,电动敞篷控制,可开闭式敞篷机构；用户关注敞篷开关是否顺畅、密封性是否良好。功能作用：负责电动敞篷控制正常工作与用户体验；工作场景：长途出行、城市通勤、日常驾驶；常见故障表现：功能失效、误报警、响应延迟；用户抱怨：“体验很差”,2
D3-F13,D3,被动安全管理,包括安全气囊、碰撞信号等控制；用户关注车辆碰撞保护能力。功能作用：负责被动安全管理正常工作与用户体验；工作场景：城市通勤、长途出行、极端天气；常见故障表现：指示灯点亮、响应延迟、功能失效；用户抱怨：“体验很差”,2
D3-F14,D3,座椅加热控制,提供座椅加热功能；用户评价是否快速加热与舒适性。功能作用：提供座椅加热控制人性化体验；工作场景：恶劣天气、夜间使用、低速拥堵；常见故障表现：无法启闭、异响、运行卡滞；用户抱怨：“用起来太慢”,2
D3-F15,D3,电动车门控制,包括滑动门/自动门逻辑；用户评价控制灵敏性和安全防夹功能。功能作用：提供电动车门控制人性化体验；工作场景：恶劣天气、上车/下车、夜间使用；常见故障表现：无法启闭、运行卡滞、异响；用户抱怨：“老是异响”,2
D3-F16,D3,电动转向柱控制,电动调节方向盘位置；用户关注是否易于操作与是否记忆设定。功能作用：根据车速调整电动转向柱控制助力，实现轻便稳定；工作场景：并线超车、高速巡航、低速停车；常见故障表现：方向盘抖动、异响、助力失效；用户抱怨：“打方向嘎嘎响”,2
D3-F17,D3,门锁控制,控制中控锁、儿童锁功能；用户关注是否可靠、是否智能联动。功能作用：保证门锁控制安全可靠运行；工作场景：低速拥堵、上车/下车、恶劣天气；常见故障表现：故障灯亮、无法启闭、异响；用户抱怨：“老是异响”,2
D3-F18,D3,胎压监测系统,监测轮胎压力变化并报警；用户关注是否及时准确。功能作用：胎压监测系统实时监测胎压与温度；工作场景：冬季低温、恶劣道路、长途旅行；常见故障表现：误报警、传感器失效、胎压0；用户抱怨：“胎压灯老亮”,2
D3-F19,D3,低压能量管理,管理12V电池及低压用电设备；用户关注电池耐用性和启停可靠性。功能作用：全局优化低压能量管理流提升效率；工作场景：激烈驾驶、极端温度、长途自驾；常见故障表现：能量分配异常、系统报错、续航估算不准；用户抱怨：“续航掉太快”,2
D3-F20,D3,车辆关机及重启,系统断电、唤醒与重启机制；用户评价系统稳定性与启动速度。功能作用：负责车辆关机及重启正常工作与用户体验；工作场景：日常驾驶、长途出行、极端天气；常见故障表现：误报警、响应延迟、功能失效；用户抱怨：“反应太慢”,2
D3-F21,D3,附件系统,如点烟器、电源口等；用户关注扩展功能是否足够便利。功能作用：负责附件系统正常工作与用户体验；工作场景：极端天气、长途出行、日常驾驶；常见故障表现：指示灯点亮、功能失效、误报警；用户抱怨：“体验很差”,2
D3-F22,D3,抬头显示控制,将信息投影到前挡玻璃；用户评价是否清晰、内容是否丰富。功能作用：展示车辆信息并接收指令（抬头显示控制）；工作场景：行车查看仪表、播放音乐、故障提示；常见故障表现：信息错误、语音识别失败、触控无响应；用户抱怨：“语音听不懂”,2
D3-F23,D3,数字灯光控制,智能矩阵大灯、投影等新型灯光系统；用户关注炫酷程度与智能功能。功能作用：控制数字灯光控制启闭与保护；工作场景：夜间使用、恶劣天气、低速拥堵；常见故障表现：运行卡滞、异响、无法启闭；用户抱怨：“老是异响”,2
D3-F24,D3,雨刮与洗涤系统,雨刮整体协调控制；用户关注雨天可视性和感应控制是否智能。功能作用：提供雨刮与洗涤系统人性化体验；工作场景：恶劣天气、夜间使用、低速拥堵；常见故障表现：异响、无法启闭、运行卡滞；用户抱怨：“用起来太慢”,2
D3-F25,D3,防盗系统,防止车辆被非法启动或打开；用户关注车辆安全性与报警是否灵敏。功能作用：控制防盗系统启闭与保护；工作场景：低速拥堵、恶劣天气、上车/下车；常见故障表现：异响、故障灯亮、无法启闭；用户抱怨：“老是异响”,2
D3-F26,D3,车辆入侵检测,检测非法开门或车内移动报警；用户关注是否能起到震慑和保护作用。功能作用：负责车辆入侵检测正常工作与用户体验；工作场景：极端天气、长途出行、城市通勤；常见故障表现：功能失效、指示灯点亮、响应延迟；用户抱怨：“老是报警”,2
D4-F1,D4,音响娱乐系统,提供车内高品质音频播放和媒体娱乐功能；用户评价音质效果、音响沉浸度和操作便捷性。功能作用：提供音响娱乐系统娱乐信息服务；工作场景：日常通勤、停车休息、手机互联；常见故障表现：声音失真、连网失败、卡顿；用户抱怨：“导航掉线”,2
D4-F2,D4,摄像头智能感知,利用座舱内外摄像头进行人/物识别与行为分析；用户关注误检率、功能可靠性与隐私保护。功能作用：融合感知数据提升安全（摄像头智能感知）；工作场景：夜间驾驶、拥堵跟车、高速巡航；常见故障表现：摄像头被挡、误报警、突然退出；用户抱怨：“自动驾驶乱响”,2
D4-F3,D4,导航,提供实时路径规划和位置服务；用户评价路径准确度、更新及时性与操作易用性。功能作用：集成语音导航与联网功能（导航）；工作场景：长途旅行、停车休息、手机互联；常见故障表现：连网失败、声音失真、卡顿；用户抱怨：“声音杂”,2
D4-F4,D4,智能座舱信息平台,整合车辆与第三方数据为座舱提供信息服务的中台；用户关注信息丰富度和响应速度。功能作用：提供智能座舱信息平台娱乐信息服务；工作场景：停车休息、日常通勤、长途旅行；常见故障表现：卡顿、闪退、声音失真；用户抱怨：“声音杂”,2
D4-F5,D4,人机交互显示及管理,多屏联动显示仪表、中控、HUD等，支持触控与手势操作；用户评价界面友好度与交互流畅性。功能作用：支持语音触控提升安全（人机交互显示及管理）；工作场景：行车查看仪表、故障提示、设置导航；常见故障表现：语音识别失败、触控无响应、黑屏；用户抱怨：“点不动”,2
D4-F6,D4,电子外后视镜,以摄像头+屏幕替代传统后视镜；用户关注视野清晰度、夜间效果与安全性。功能作用：提供电子外后视镜人性化体验；工作场景：夜间使用、低速拥堵、恶劣天气；常见故障表现：异响、运行卡滞、无法启闭；用户抱怨：“卡住打不开”,2
D4-F7,D4,Avatar数字助手,具人格化形象的语音/视觉助手；用户评价语音识别精度和互动趣味性。功能作用：集成语音导航与联网功能（Avatar数字助手）；工作场景：停车休息、长途旅行、手机互联；常见故障表现：闪退、声音失真、连网失败；用户抱怨：“导航掉线”,2
D4-F8,D4,SmartIsland多屏协同,在中控等区域实现岛屿式多屏信息呈现；用户关注信息阅读舒适度与可定制性。功能作用：SmartIsland多屏协同多屏协同提升交互；工作场景：长途旅行、日常通勤、手机互联；常见故障表现：声音失真、闪退、连网失败；用户抱怨：“卡得要命”,2
D4-F9,D4,驾驶信息显示,实时显示车速、电量等关键驾驶参数（含仪表）；用户关注信息完整性与可读性。功能作用：展示车辆信息并接收指令（驾驶信息显示）；工作场景：播放音乐、故障提示、行车查看仪表；常见故障表现：语音识别失败、触控无响应、黑屏；用户抱怨：“点不动”,2
D4-F10,D4,车载游戏,利用座舱屏幕和控制器提供游戏娱乐；用户评价游戏种类与流畅度。功能作用：车载游戏多屏协同提升交互；工作场景：停车休息、手机互联、日常通勤；常见故障表现：闪退、声音失真、卡顿；用户抱怨：“声音杂”,2
D4-F11,D4,连接与外设,支持蓝牙、Wi-Fi、USB等外设连接；用户关注连接稳定性和兼容性。功能作用：负责连接与外设正常工作与用户体验；工作场景：长途出行、日常驾驶、极端天气；常见故障表现：功能失效、误报警、响应延迟；用户抱怨：“老是报警”,2
D4-F12,D4,辅助驾驶,提供ADAS状态提示和接管交互；用户关注提示是否清晰、交互是否顺手。功能作用：提供自动变道跟车功能（辅助驾驶）；工作场景：拥堵跟车、夜间驾驶、城市环路；常见故障表现：摄像头被挡、功能不可用、误报警；用户抱怨：“突然中断”,2
D4-F13,D4,语音交互,通过语音命令控制车辆和应用；用户关注识别准确率与响应速度。功能作用：支持语音触控提升安全（语音交互）；工作场景：设置导航、播放音乐、故障提示；常见故障表现：信息错误、触控无响应、黑屏；用户抱怨：“语音听不懂”,2
D4-F14,D4,设置与控制,集中管理车辆个性化设置与系统控制；用户关注菜单逻辑和易用性。功能作用：负责设置与控制正常工作与用户体验；工作场景：日常驾驶、极端天气、长途出行；常见故障表现：指示灯点亮、响应延迟、功能失效；用户抱怨：“老是报警”,2
D4-F15,D4,生态应用,车载应用商店、第三方App生态；用户评价应用数量与质量。功能作用：负责生态应用正常工作与用户体验；工作场景：极端天气、城市通勤、长途出行；常见故障表现：响应延迟、指示灯点亮、功能失效；用户抱怨：“总是不好用”,2
D4-F16,D4,原生应用,车厂自研或预装的常用功能应用；用户关注稳定性和更新频率。功能作用：负责原生应用正常工作与用户体验；工作场景：极端天气、长途出行、城市通勤；常见故障表现：误报警、响应延迟、指示灯点亮；用户抱怨：“体验很差”,2
D4-F17,D4,场景应用,根据场景自动触发功能组合；用户关注智能化程度和便利性。功能作用：负责场景应用正常工作与用户体验；工作场景：极端天气、日常驾驶、长途出行；常见故障表现：响应延迟、功能失效、指示灯点亮；用户抱怨：“总是不好用”,2
D4-F18,D4,系统更新,支持OTA软件升级；用户关注更新频率、时长和安全性。功能作用：负责系统更新正常工作与用户体验；工作场景：极端天气、长途出行、日常驾驶；常见故障表现：指示灯点亮、误报警、功能失效；用户抱怨：“总是不好用”,2
D4-F19,D4,数据传输,车载数据上传下载功能；用户关注数据速度和隐私安全。功能作用：负责数据传输正常工作与用户体验；工作场景：极端天气、长途出行、日常驾驶；常见故障表现：功能失效、响应延迟、误报警；用户抱怨：“老是报警”,2
D4-F20,D4,用户中心,个人账户和多用户个性化配置；用户关注登录便捷性和个性化体验。功能作用：负责用户中心正常工作与用户体验；工作场景：日常驾驶、长途出行、城市通勤；常见故障表现：误报警、响应延迟、指示灯点亮；用户抱怨：“反应太慢”,2
D4-F21,D4,系统策略与基础能力,资源管理、权限、安全、功耗策略；用户一般不直接感知，但影响系统稳定性。功能作用：负责系统策略与基础能力正常工作与用户体验；工作场景：城市通勤、长途出行、极端天气；常见故障表现：指示灯点亮、误报警、功能失效；用户抱怨：“老是报警”,2
D4-F22,D4,其他终端协同能力,与手机、平板等外部设备协同；用户评价跨屏流畅度和功能连续性。功能作用：负责其他终端协同能力正常工作与用户体验；工作场景：日常驾驶、长途出行、城市通勤；常见故障表现：响应延迟、功能失效、指示灯点亮；用户抱怨：“体验很差”,2
D5-F1,D5,智能驾驶系统,集成管理ADAS/自动驾驶各子系统的域控制器；用户评价系统稳定性、功能集成度与OTA升级能力。功能作用：提供自动变道跟车功能（智能驾驶系统）；工作场景：城市环路、夜间驾驶、高速巡航；常见故障表现：功能不可用、摄像头被挡、突然退出；用户抱怨：“自动驾驶乱响”,2
D5-F2,D5,智能感知,融合摄像头、毫米波雷达、激光雷达等传感器，实现环境感知；用户关注识别准确率与误报率。功能作用：智能感知感知环境并辅助驾驶；工作场景：城市环路、高速巡航、夜间驾驶；常见故障表现：功能不可用、突然退出、摄像头被挡；用户抱怨：“突然中断”,2
D5-F3,D5,角雷达驾驶辅助,利用车角毫米波雷达实现盲区监测、后方交叉来车警示；用户评价盲区警告是否及时可靠。功能作用：负责角雷达驾驶辅助正常工作与用户体验；工作场景：日常驾驶、城市通勤、极端天气；常见故障表现：响应延迟、功能失效、误报警；用户抱怨：“老是报警”,2
D5-F4,D5,360全景监控影像,多摄像头拼接生成车身四周鸟瞰图；用户评价画面清晰度与拼接无缝程度。功能作用：负责360全景监控影像正常工作与用户体验；工作场景：极端天气、城市通勤、长途出行；常见故障表现：误报警、响应延迟、功能失效；用户抱怨：“总是不好用”,2
D5-F5,D5,驾驶员疲劳监测,通过车内摄像头检测分心或瞌睡状态并报警；用户关注误报率和提醒方式是否人性化。功能作用：负责驾驶员疲劳监测正常工作与用户体验；工作场景：城市通勤、长途出行、极端天气；常见故障表现：响应延迟、误报警、指示灯点亮；用户抱怨：“老是报警”,2
D5-F6,D5,高精地图与融合定位,结合高精度地图与传感器实现车道级定位；用户评价导航引导准确性和断点续航能力。功能作用：负责高精地图与融合定位正常工作与用户体验；工作场景：长途出行、日常驾驶、极端天气；常见故障表现：误报警、指示灯点亮、响应延迟；用户抱怨：“体验很差”,2
D5-F7,D5,组合定位系统,GNSS、IMU、轮速等多源融合定位；用户关注隧道、城市峡谷中定位是否连续。功能作用：负责组合定位系统正常工作与用户体验；工作场景：极端天气、日常驾驶、长途出行；常见故障表现：指示灯点亮、响应延迟、误报警；用户抱怨：“总是不好用”,2
D5-F8,D5,自动紧急制动,检测碰撞风险主动制动避免事故；用户关注关键时刻是否介入、是否误刹车。功能作用：提供自动紧急制动减速保持，确保行车安全；工作场景：下长坡、紧急制动、城市跟车；常见故障表现：制动灯常亮、制动距离延长、踏板变软；用户抱怨：“制动力忽强忽弱”,2
D5-F9,D5,自适应巡航,根据前车速度自动加减速保持车距；用户评价跟车平顺性与舒适度。功能作用：负责自适应巡航正常工作与用户体验；工作场景：极端天气、长途出行、城市通勤；常见故障表现：指示灯点亮、响应延迟、功能失效；用户抱怨：“体验很差”,2
D5-F10,D5,集成式巡航控制,ACC叠加车道居中保持功能（LCC/ICA）；用户关心方向控制是否稳健、减少手动纠正频次。功能作用：负责集成式巡航控制正常工作与用户体验；工作场景：极端天气、长途出行、城市通勤；常见故障表现：响应延迟、功能失效、误报警；用户抱怨：“老是报警”,2
D5-F11,D5,导航式巡航控制,结合高精地图的高速导航辅助驾驶（NCA）；用户评价变道超车自动化程度及行程轻松度。功能作用：导航式巡航控制多屏协同提升交互；工作场景：长途旅行、停车休息、日常通勤；常见故障表现：连网失败、闪退、卡顿；用户抱怨：“声音杂”,2
D5-F12,D5,车道辅助控制,含车道偏离预警LDW与保持LKA；用户评价车道保持纠偏是否平滑、警报是否恰当。功能作用：负责车道辅助控制正常工作与用户体验；工作场景：极端天气、长途出行、城市通勤；常见故障表现：功能失效、误报警、响应延迟；用户抱怨：“反应太慢”,2
D5-F13,D5,交通拥堵辅助,低速自动跟停与车道保持（TJA）；用户关注拥堵跟车是否顺畅、减轻疲劳程度。功能作用：负责交通拥堵辅助正常工作与用户体验；工作场景：日常驾驶、长途出行、城市通勤；常见故障表现：误报警、指示灯点亮、功能失效；用户抱怨：“反应太慢”,2
D5-F14,D5,近程控制,通过手机或钥匙遥控车辆低速移动/召唤；用户评价操作便利性及障碍物感知可靠性。功能作用：负责近程控制正常工作与用户体验；工作场景：长途出行、极端天气、城市通勤；常见故障表现：误报警、响应延迟、指示灯点亮；用户抱怨：“总是不好用”,2
D5-F15,D5,预警类功能,前向碰撞FCW、后方横向警示等仅提示不介入功能；用户关注预警及时且不过度打扰。功能作用：负责预警类功能正常工作与用户体验；工作场景：城市通勤、长途出行、日常驾驶；常见故障表现：误报警、指示灯点亮、响应延迟；用户抱怨：“总是不好用”,2
D5-F16,D5,辅助类功能,盲区监测BSM、倒车侧向警示RCTA等辅助功能；用户评价提高安全感和使用信任度。功能作用：负责辅助类功能正常工作与用户体验；工作场景：日常驾驶、极端天气、长途出行；常见故障表现：误报警、指示灯点亮、响应延迟；用户抱怨：“老是报警”,2
D5-F17,D5,自动泊车,车辆识别车位并接管转向、刹车完成泊车（APA）；用户评价成功率与泊车时间。功能作用：负责自动泊车正常工作与用户体验；工作场景：日常驾驶、城市通勤、极端天气；常见故障表现：功能失效、响应延迟、误报警；用户抱怨：“体验很差”,2
D5-F18,D5,遥控泊车,驾驶员在车外通过遥控完成泊车（RPA）；用户评价体验新颖性与安全边界。功能作用：负责遥控泊车正常工作与用户体验；工作场景：日常驾驶、长途出行、极端天气；常见故障表现：误报警、功能失效、指示灯点亮；用户抱怨：“老是报警”,2
D5-F19,D5,代客泊车,车辆在特定停车场内自主寻找车位并泊入（AVP）；用户关注便利性与系统可靠性。功能作用：负责代客泊车正常工作与用户体验；工作场景：日常驾驶、极端天气、城市通勤；常见故障表现：功能失效、误报警、响应延迟；用户抱怨：“体验很差”,2
D5-F20,D5,泊车辅助,驻车雷达/倒车影像提供距离提示与轨迹；用户评价提示精准度与摄像头清晰度。功能作用：负责泊车辅助正常工作与用户体验；工作场景：城市通勤、极端天气、日常驾驶；常见故障表现：指示灯点亮、功能失效、响应延迟；用户抱怨：“体验很差”,2
D6-F1,D6,激活与远程配置,在车辆交付前或OTA后，通过云端激活并批量下发配置；用户评价整个开通流程是否快捷、配置是否准确。功能作用：负责激活与远程配置正常工作与用户体验；工作场景：城市通勤、长途出行、日常驾驶；常见故障表现：指示灯点亮、响应延迟、误报警；用户抱怨：“体验很差”,2
D6-F2,D6,车载信息远程监控,远程查看车辆位置、续航、电量、门锁状态等；用户关注数据是否实时、界面是否直观。功能作用：负责车载信息远程监控正常工作与用户体验；工作场景：日常驾驶、长途出行、极端天气；常见故障表现：误报警、响应延迟、指示灯点亮；用户抱怨：“反应太慢”,2
D6-F3,D6,呼叫服务,一键呼叫品牌客服/道路救援；用户评价接通速度和客服专业度。功能作用：负责呼叫服务正常工作与用户体验；工作场景：日常驾驶、长途出行、城市通勤；常见故障表现：功能失效、误报警、指示灯点亮；用户抱怨：“反应太慢”,2
D6-F4,D6,紧急救援服务,碰撞后自动拨打eCall并推送位置；用户关注关键时刻是否能自动报警、救援是否迅速。功能作用：负责紧急救援服务正常工作与用户体验；工作场景：日常驾驶、长途出行、极端天气；常见故障表现：功能失效、误报警、指示灯点亮；用户抱怨：“反应太慢”,2
D6-F5,D6,被盗追踪服务,车辆被盗后后台持续定位并协助警方找回；用户评价定位精度和找回效率。功能作用：负责被盗追踪服务正常工作与用户体验；工作场景：城市通勤、长途出行、日常驾驶；常见故障表现：功能失效、指示灯点亮、误报警；用户抱怨：“反应太慢”,2
D6-F6,D6,电子收费系统（ETC）,在高速及停车场实现自动扣费通行；用户评价识别成功率与通行效率。功能作用：负责电子收费系统（ETC）正常工作与用户体验；工作场景：极端天气、长途出行、日常驾驶；常见故障表现：指示灯点亮、响应延迟、功能失效；用户抱怨：“体验很差”,2
D6-F7,D6,远程控制子系统,通过App远程启动车辆、空调、车窗等；用户关注控制范围、响应延迟及稳定性。功能作用：负责远程控制子系统正常工作与用户体验；工作场景：城市通勤、长途出行、日常驾驶；常见故障表现：指示灯点亮、功能失效、响应延迟；用户抱怨：“反应太慢”,2
D6-F8,D6,车载信息服务数据接入,为第三方提供车辆数据接口，实现生态合作；用户体验体现在更多增值服务与场景拓展。功能作用：负责车载信息服务数据接入正常工作与用户体验；工作场景：长途出行、城市通勤、极端天气；常见故障表现：功能失效、响应延迟、误报警；用户抱怨：“体验很差”,2
D6-F9,D6,蓝牙钥匙,利用手机蓝牙无感解锁、启动车辆；用户评价解锁速度和配对便利性。功能作用：负责蓝牙钥匙正常工作与用户体验；工作场景：极端天气、长途出行、城市通勤；常见故障表现：功能失效、指示灯点亮、误报警；用户抱怨：“总是不好用”,2
D6-F10,D6,哨兵模式,车辆停放时摄像头监控周围环境并记录异常；用户评价误报率和电量消耗。功能作用：根据哨兵模式切换动力与底盘；工作场景：山路运动、城市拥堵、高速通勤；常见故障表现：无法切换、模式灯异常、动力响应不符；用户抱怨：“模式老闪”,2
D6-F11,D6,车辆状态上传,周期性将车辆故障码、里程等上传云端；用户关注隐私安全与售后主动服务体验。功能作用：负责车辆状态上传正常工作与用户体验；工作场景：长途出行、日常驾驶、城市通勤；常见故障表现：响应延迟、功能失效、指示灯点亮；用户抱怨：“反应太慢”,2
D6-F12,D6,连接服务,4G/5G蜂窝、Wi‑Fi热点及车载以太网等网络接入；用户评价网速和信号覆盖。功能作用：负责连接服务正常工作与用户体验；工作场景：极端天气、长途出行、日常驾驶；常见故障表现：响应延迟、功能失效、误报警；用户抱怨：“老是报警”,2
D6-F13,D6,NFC进入与启动,通过NFC卡/手机靠近解锁及启动车辆；用户关注识别成功率和便捷性。功能作用：负责NFC进入与启动正常工作与用户体验；工作场景：长途出行、日常驾驶、城市通勤；常见故障表现：指示灯点亮、误报警、响应延迟；用户抱怨：“总是不好用”,2
D6-F14,D6,车载信息定位,提供高精度实时定位服务，支撑导航与防盗；用户评价定位精准度和信号稳定性。功能作用：负责车载信息定位正常工作与用户体验；工作场景：城市通勤、极端天气、日常驾驶；常见故障表现：功能失效、指示灯点亮、响应延迟；用户抱怨：“老是报警”,2
D6-F15,D6,Xcall功能,跨区域多语言呼叫中心功能，支持全球漫游服务；用户评价通话清晰度与服务可达性。功能作用：负责Xcall功能正常工作与用户体验；工作场景：日常驾驶、极端天气、城市通勤；常见故障表现：响应延迟、功能失效、误报警；用户抱怨：“总是不好用”,2
D6-F16,D6,智能网联特性,整合V2X、云端大数据、车路协同等创新功能；用户关注黑科技体验和实用性。功能作用：负责智能网联特性正常工作与用户体验；工作场景：城市通勤、极端天气、日常驾驶；常见故障表现：误报警、功能失效、响应延迟；用户抱怨：“反应太慢”,2
D6-F17,D6,时间同步功能,通过GPS/网络保持车载系统时间准确；用户不直接感知，但影响导航和日志准确性。功能作用：负责时间同步功能正常工作与用户体验；工作场景：日常驾驶、长途出行、城市通勤；常见故障表现：响应延迟、误报警、功能失效；用户抱怨：“体验很差”,2
D8-F1,D8,主动安全,通过AEB、盲区监测、车道保持等ADAS功能主动预防碰撞；用户评价警报/介入是否及时、误报率和驾驶干预平顺性。功能作用：负责主动安全正常工作与用户体验；工作场景：极端天气、日常驾驶、长途出行；常见故障表现：功能失效、指示灯点亮、响应延迟；用户抱怨：“老是报警”,2
D8-F2,D8,被动安全,在碰撞发生时依靠车身结构、安全气囊、预紧限力安全带等降低乘员伤害；用户关注碰撞测试评分、气囊数量与车身刚性。功能作用：负责被动安全正常工作与用户体验；工作场景：日常驾驶、城市通勤、极端天气；常见故障表现：误报警、响应延迟、功能失效；用户抱怨：“总是不好用”,2
D8-F3,D8,安全附件,随车配备的反光背心、三角警示牌、灭火器等应急装备；用户关注是否齐全、易于取用以及法规合规性。功能作用：负责安全附件正常工作与用户体验；工作场景：极端天气、城市通勤、日常驾驶；常见故障表现：误报警、指示灯点亮、响应延迟；用户抱怨：“体验很差”,2
D8-F4,D8,进入安全,智能钥匙、门锁防夹、儿童锁等保障乘员上车/下车安全；用户关注开门便利性和防夹保护效果。功能作用：负责进入安全正常工作与用户体验；工作场景：极端天气、城市通勤、长途出行；常见故障表现：响应延迟、功能失效、指示灯点亮；用户抱怨：“反应太慢”,2
D8-F5,D8,防盗,包括车载防盗报警、电子防启动锁止和定位追踪功能；用户评价防盗可靠性和误报情况。功能作用：控制防盗启闭与保护；工作场景：上车/下车、低速拥堵、夜间使用；常见故障表现：运行卡滞、故障灯亮、异响；用户抱怨：“卡住打不开”,2
D8-F6,D8,喇叭,车辆用于警示行人或其它车辆的声响装置；用户评价音量适中、按压手感和响应速度。功能作用：负责喇叭正常工作与用户体验；工作场景：长途出行、日常驾驶、城市通勤；常见故障表现：误报警、指示灯点亮、响应延迟；用户抱怨：“总是不好用”,2
D8-F7,D8,行人保护,在车辆与行人碰撞时通过发动机罩吸能、主动机盖抬升等减少行人伤害；用户关注行人碰撞测试得分与安全感。功能作用：负责行人保护正常工作与用户体验；工作场景：长途出行、极端天气、日常驾驶；常见故障表现：功能失效、指示灯点亮、误报警；用户抱怨：“体验很差”,2
D9-F1,D9,OTA与固件升级管理,负责整车ECU与应用的在线/离线（U盘）软件升级，含远程固件与应用包分发、回滚；用户关注升级稳定性、升级时长及新功能获取速度。功能作用：负责OTA与固件升级管理正常工作与用户体验；工作场景：日常驾驶、城市通勤、极端天气；常见故障表现：响应延迟、功能失效、误报警；用户抱怨：“老是报警”,2
D9-F2,D9,网络安全,针对车载以太网、CAN等总线以及云端通信实施安全认证、防火墙、入侵检测；用户关注车辆是否易被黑客攻击、个人数据是否安全。功能作用：负责网络安全正常工作与用户体验；工作场景：城市通勤、长途出行、极端天气；常见故障表现：指示灯点亮、功能失效、响应延迟；用户抱怨：“总是不好用”,2
D9-F3,D9,隐私保护,遵循法规对车辆和用户数据进行匿名化、权限管理与加密存储；用户关注位置/行程数据是否被滥用、隐私设置是否可见可控。功能作用：负责隐私保护正常工作与用户体验；工作场景：城市通勤、长途出行、日常驾驶；常见故障表现：指示灯点亮、误报警、功能失效；用户抱怨：“总是不好用”,2
D9-F4,D9,Vehicle Health Report（VHR）,定期汇总车辆故障码、里程、电压等健康信息并推送给用户或服务中心；用户关注报告是否通俗易懂、提醒是否及时。功能作用：负责Vehicle Health Report（VHR）正常工作与用户体验；工作场景：长途出行、城市通勤、极端天气；常见故障表现：指示灯点亮、功能失效、误报警；用户抱怨：“反应太慢”,2
D9-F5,D9,诊断与刷写,通过OBD、DoIP等协议进行故障诊断、标定刷写和远程诊断；用户关注维修效率、诊断准确率及4S店服务体验。功能作用：负责诊断与刷写正常工作与用户体验；工作场景：长途出行、城市通勤、日常驾驶；常见故障表现：指示灯点亮、响应延迟、误报警；用户抱怨：“体验很差”,2
D9-F6,D9,以太网通信,千兆/百兆以太网骨干实现高带宽数据交换；用户不直接感知，但影响座舱流畅度和摄像头画面实时性。功能作用：负责以太网通信正常工作与用户体验；工作场景：极端天气、长途出行、日常驾驶；常见故障表现：响应延迟、误报警、指示灯点亮；用户抱怨：“老是报警”,2
D9-F7,D9,CAN/CANFD/LIN通信,传统车载总线负责关键控制报文传输；用户关注车辆响应速度与可靠性。功能作用：负责CAN/CANFD/LIN通信正常工作与用户体验；工作场景：长途出行、极端天气、日常驾驶；常见故障表现：误报警、功能失效、响应延迟；用户抱怨：“老是报警”,2
D9-F8,D9,网络管理功能,对整车多个总线网络进行唤醒、休眠和错误管理；用户通常不直接感知，但影响待机耗电与可靠性。功能作用：负责网络管理功能正常工作与用户体验；工作场景：极端天气、日常驾驶、城市通勤；常见故障表现：响应延迟、指示灯点亮、误报警；用户抱怨：“老是报警”,2
D9-F9,D9,整车状态管理,协调各控制器运行模式，上下电及睡眠逻辑；用户关注启动车辆是否快速、休眠漏电是否小。功能作用：负责整车状态管理正常工作与用户体验；工作场景：长途出行、日常驾驶、极端天气；常见故障表现：响应延迟、误报警、功能失效；用户抱怨：“总是不好用”,2
D9-F10,D9,诊断网关,在不同通信网络/协议间转发诊断报文并进行安全隔离；用户关注诊断效率及安全防护能力。功能作用：负责诊断网关正常工作与用户体验；工作场景：日常驾驶、极端天气、城市通勤；常见故障表现：误报警、响应延迟、指示灯点亮；用户抱怨：“总是不好用”,2
D9-F11,D9,电源管理,管理12 V/48 V及高压上电逻辑、负载切断；用户关注电瓶寿命、驻车待机耗电与冬季启动车辆难易度。功能作用：负责电源管理正常工作与用户体验；工作场景：长途出行、极端天气、日常驾驶；常见故障表现：误报警、指示灯点亮、功能失效；用户抱怨：“总是不好用”,2
D9-F12,D9,个性化设置,云端同步驾驶位/氛围灯/空调等偏好，支持多用户；用户关注记忆准确性和切换速度。功能作用：负责个性化设置正常工作与用户体验；工作场景：城市通勤、极端天气、日常驾驶；常见故障表现：指示灯点亮、误报警、功能失效；用户抱怨：“总是不好用”,2
D9-F13,D9,驾驶模式控制,在Eco/Sport/Comfort等模式下调节转向、动力和能耗策略；用户关注模式差异明显且切换顺滑。功能作用：调整能量回收与扭矩分配通过驾驶模式控制；工作场景：高速通勤、城市拥堵、山路运动；常见故障表现：无法切换、动力响应不符、模式灯异常；用户抱怨：“运动模式进不去”,2
D9-F14,D9,时间管理,确保车内控制器与云端NTP/GNSS时间同步；用户不直接感知，但影响日志准确性和预约充电功能。功能作用：负责时间管理正常工作与用户体验；工作场景：极端天气、长途出行、城市通勤；常见故障表现：功能失效、指示灯点亮、误报警；用户抱怨：“总是不好用”,2
D9-F15,D9,数据采集与埋点上传,对车辆运行数据进行采样、过滤和加密上传云端；用户关注数据上传是否影响隐私与网络流量。功能作用：负责数据采集与埋点上传正常工作与用户体验；工作场景：城市通勤、长途出行、极端天气；常见故障表现：指示灯点亮、响应延迟、误报警；用户抱怨：“老是报警”,2
D9-F16,D9,车控交互接口,为手机App/钥匙提供远程解锁、空调等API；用户关注控制范围、延迟及稳定性。功能作用：支持语音触控提升安全（车控交互接口）；工作场景：播放音乐、故障提示、设置导航；常见故障表现：黑屏、语音识别失败、触控无响应；用户抱怨：“屏幕又死机”,2
D9-F17,D9,账户管理,提供用户注册、登录、多账户权限与支付绑定；用户关注上车即识别、数据隔离和切换便捷。功能作用：负责账户管理正常工作与用户体验；工作场景：极端天气、日常驾驶、城市通勤；常见故障表现：指示灯点亮、误报警、响应延迟；用户抱怨：“总是不好用”,2
D9-F18,D9,本地日志系统,在车内存储关键运行日志用于故障溯源；用户不直接感知，但影响售后排障效率。功能作用：负责本地日志系统正常工作与用户体验；工作场景：长途出行、极端天气、城市通勤；常见故障表现：响应延迟、误报警、指示灯点亮；用户抱怨：“体验很差”,2
D9-F19,D9,边缘计算,在车辆端对感知、导航等大数据进行即时处理减少云依赖；用户关注功能响应速度与离线能力。功能作用：负责边缘计算正常工作与用户体验；工作场景：城市通勤、长途出行、极端天气；常见故障表现：响应延迟、指示灯点亮、误报警；用户抱怨：“老是报警”,2
D9-F20,D9,服务SOA,面向服务的软件架构，控制器通过API形式解耦；用户不直接感知，但利于功能快速上线与迭代。功能作用：负责服务SOA正常工作与用户体验；工作场景：日常驾驶、长途出行、城市通勤；常见故障表现：功能失效、响应延迟、指示灯点亮；用户抱怨：“老是报警”,2
D10-F1,D10,车载冰箱,利用压缩机制冷或半导体降温，为饮品/食品保鲜；用户评价制冷速度、噪音和容量是否实用。功能作用：负责车载冰箱正常工作与用户体验；工作场景：日常驾驶、极端天气、城市通勤；常见故障表现：误报警、指示灯点亮、响应延迟；用户抱怨：“老是报警”,2
D10-F2,D10,车载冷热杯托,内置加热/制冷模块保持饮料温度；用户关注保温效果和使用便捷度。功能作用：负责车载冷热杯托正常工作与用户体验；工作场景：极端天气、长途出行、城市通勤；常见故障表现：误报警、指示灯点亮、响应延迟；用户抱怨：“总是不好用”,2
D10-F3,D10,车内可拆卸隔物板/储物盒,后备厢或座椅下的模块化隔物板、抽屉；用户评价收纳灵活性和拆装方便程度。功能作用：负责车内可拆卸隔物板/储物盒正常工作与用户体验；工作场景：日常驾驶、城市通勤、极端天气；常见故障表现：响应延迟、误报警、功能失效；用户抱怨：“老是报警”,2
D10-F4,D10,多接口电源扩展（USB/12V/220V）,提供额外供电口给手机、电脑等外设；用户关注功率充足与接口数量。功能作用：负责多接口电源扩展（USB/12V/220V）正常工作与用户体验；工作场景：日常驾驶、城市通勤、极端天气；常见故障表现：指示灯点亮、响应延迟、功能失效；用户抱怨：“反应太慢”,2
D10-F5,D10,外接放电（移动电站）,支持V2L对外供电为露营电器供电；用户评价额定功率、适配性和续航影响。功能作用：负责外接放电（移动电站）正常工作与用户体验；工作场景：极端天气、城市通勤、日常驾驶；常见故障表现：误报警、响应延迟、功能失效；用户抱怨：“体验很差”,2
D10-F6,D10,车顶行李架/行李箱,安装在车顶用于额外行李存放；用户关注安装/拆卸便利性及风噪。功能作用：负责车顶行李架/行李箱正常工作与用户体验；工作场景：日常驾驶、长途出行、城市通勤；常见故障表现：误报警、指示灯点亮、响应延迟；用户抱怨：“反应太慢”,2
D10-F7,D10,车载自行车架,在车尾或车顶固定自行车的支架；用户评价固定牢固性与车辆划痕风险。功能作用：负责车载自行车架正常工作与用户体验；工作场景：长途出行、城市通勤、极端天气；常见故障表现：误报警、响应延迟、功能失效；用户抱怨：“总是不好用”,2
D10-F8,D10,露营睡眠套件,放平座椅或后备厢配合充气床垫组成卧铺；用户评价舒适度和收纳体积。功能作用：负责露营睡眠套件正常工作与用户体验；工作场景：长途出行、城市通勤、极端天气；常见故障表现：误报警、响应延迟、功能失效；用户抱怨：“老是报警”,2
D10-F9,D10,备胎,临时替换爆胎轮胎的全尺寸/非全尺寸备胎；用户关注是否标配以及更换方便程度。功能作用：负责备胎正常工作与用户体验；工作场景：日常驾驶、长途出行、城市通勤；常见故障表现：误报警、功能失效、指示灯点亮；用户抱怨：“反应太慢”,2
D10-F10,D10,车载充气泵,为轮胎或露营气垫充气的便携电泵；用户评价充气速度与噪音。功能作用：负责车载充气泵正常工作与用户体验；工作场景：日常驾驶、极端天气、长途出行；常见故障表现：功能失效、误报警、响应延迟；用户抱怨：“老是报警”,2
D10-F11,D10,千斤顶,随车用于举升车辆更换轮胎；用户评价操作省力性与安全稳定性。功能作用：负责千斤顶正常工作与用户体验；工作场景：极端天气、长途出行、城市通勤；常见故障表现：误报警、功能失效、响应延迟；用户抱怨：“反应太慢”,2
D10-F12,D10,灭火器,车载小型干粉/二氧化碳灭火器用于初期火灾；用户关注有效期、固定支架稳固性。功能作用：负责灭火器正常工作与用户体验；工作场景：极端天气、长途出行、日常驾驶；常见故障表现：响应延迟、误报警、指示灯点亮；用户抱怨：“老是报警”,2
D10-F13,D10,雨伞及雨伞收纳槽,在车门或座椅隐藏收纳长/短伞；用户评价取放是否方便及是否渗水弄脏车内。功能作用：负责雨伞及雨伞收纳槽正常工作与用户体验；工作场景：极端天气、城市通勤、长途出行；常见故障表现：指示灯点亮、响应延迟、误报警；用户抱怨：“总是不好用”,2
D10-F14,D10,拖车钩/拖车绳,在车辆底部安装拖车钩并配套拖车绳；用户关注承载能力与安装是否影响外观。功能作用：负责拖车钩/拖车绳正常工作与用户体验；工作场景：日常驾驶、极端天气、城市通勤；常见故障表现：误报警、功能失效、指示灯点亮；用户抱怨：“总是不好用”,2
D10-F15,D10,U盘升级套件,提供USB闪存接口用于离线升级或音乐播放；用户关注兼容格式及读取速度。功能作用：负责U盘升级套件正常工作与用户体验；工作场景：极端天气、长途出行、日常驾驶；常见故障表现：指示灯点亮、功能失效、误报警；用户抱怨：“体验很差”,2
